{
    "lr": 0.01641312984036184,
    "batch_size": 16,
    "step_size": 6,
    "gamma": 0.8628270095462099,
    "optimizer": "SGD",
    "weight_decay": 0.0024084977441778304,
    "momentum": 0.0018559495129849236
}