{"mean": [0.539342462170622, 0.4856492361751947, 0.43324973198145483], "std": [0.2270848481387292, 0.22017275884417153, 0.22362268174675773]}